code,term,dmd_id,dmd_type,bnf_code
41953711000001109,Phenoxymethylpenicillin 125mg/5ml oral solution,41953711000001109,VMP,0501011P0AAADAD
392411000001109,Phenoxymethylpenicillin 125mg/5ml oral solution,392411000001109,AMP,0501011P0AAADAD
683011000001103,Phenoxymethylpenicillin 125mg/5ml oral solution,683011000001103,AMP,0501011P0AAADAD
10711000001104,Phenoxymethylpenicillin 125mg/5ml oral solution,10711000001104,AMP,0501011P0AAADAD
9804611000001105,Phenoxymethylpenicillin 125mg/5ml oral solution,9804611000001105,AMP,0501011P0AAADAD
10452211000001101,Phenoxymethylpenicillin 125mg/5ml oral solution,10452211000001101,AMP,0501011P0AAADAD
21038311000001109,Phenoxymethylpenicillin 125mg/5ml oral solution,21038311000001109,AMP,0501011P0AAADAD
20129511000001108,Phenoxymethylpenicillin 125mg/5ml oral solution,20129511000001108,AMP,0501011P0AAADAD
24410611000001107,Phenoxymethylpenicillin 125mg/5ml oral solution,24410611000001107,AMP,0501011P0AAADAD
21532411000001101,Phenoxymethylpenicillin 125mg/5ml oral solution,21532411000001101,AMP,0501011P0AAADAD
38081711000001100,Phenoxymethylpenicillin 125mg/5ml oral solution,38081711000001100,AMP,0501011P0AAADAD
604211000001105,Phenoxymethylpenicillin 125mg/5ml oral solution,604211000001105,AMP,0501011P0AAADAD
11144611000001104,Phenoxymethylpenicillin 125mg/5ml oral solution,11144611000001104,AMP,0501011P0AAADAD
610511000001102,Phenoxymethylpenicillin 125mg/5ml oral solution,610511000001102,AMP,0501011P0AAADAD
39177211000001100,Phenoxymethylpenicillin 125mg/5ml oral solution,39177211000001100,AMP,0501011P0AAADAD
19736211000001105,Phenoxymethylpenicillin 125mg/5ml oral solution,19736211000001105,AMP,0501011P0AAADAD
738911000001105,Phenoxymethylpenicillin 125mg/5ml oral solution,738911000001105,AMP,0501011P0AAADAD
18719011000001104,Phenoxymethylpenicillin 125mg/5ml oral solution,18719011000001104,AMP,0501011P0AAADAD
15311000001105,Phenoxymethylpenicillin 125mg/5ml oral solution,15311000001105,AMP,0501011P0AAADAD
808511000001109,Phenoxymethylpenicillin 125mg/5ml oral solution,808511000001109,AMP,0501011P0AAADAD
41953911000001106,Phenoxymethylpenicillin 250mg/5ml oral solution,41953911000001106,VMP,0501011P0AAAFAF
94811000001103,Phenoxymethylpenicillin 250mg/5ml oral solution,94811000001103,AMP,0501011P0AAAFAF
209811000001108,Phenoxymethylpenicillin 250mg/5ml oral solution,209811000001108,AMP,0501011P0AAAFAF
322611000001104,Phenoxymethylpenicillin 250mg/5ml oral solution,322611000001104,AMP,0501011P0AAAFAF
9805411000001108,Phenoxymethylpenicillin 250mg/5ml oral solution,9805411000001108,AMP,0501011P0AAAFAF
10452411000001102,Phenoxymethylpenicillin 250mg/5ml oral solution,10452411000001102,AMP,0501011P0AAAFAF
21038511000001103,Phenoxymethylpenicillin 250mg/5ml oral solution,21038511000001103,AMP,0501011P0AAAFAF
20129711000001103,Phenoxymethylpenicillin 250mg/5ml oral solution,20129711000001103,AMP,0501011P0AAAFAF
37772611000001104,Phenoxymethylpenicillin 250mg/5ml oral solution,37772611000001104,AMP,0501011P0AAAFAF
21532611000001103,Phenoxymethylpenicillin 250mg/5ml oral solution,21532611000001103,AMP,0501011P0AAAFAF
38081911000001103,Phenoxymethylpenicillin 250mg/5ml oral solution,38081911000001103,AMP,0501011P0AAAFAF
189311000001103,Phenoxymethylpenicillin 250mg/5ml oral solution,189311000001103,AMP,0501011P0AAAFAF
887811000001107,Phenoxymethylpenicillin 250mg/5ml oral solution,887811000001107,AMP,0501011P0AAAFAF
30856011000001103,Phenoxymethylpenicillin 250mg/5ml oral solution,30856011000001103,AMP,0501011P0AAAFAF
39177611000001103,Phenoxymethylpenicillin 250mg/5ml oral solution,39177611000001103,AMP,0501011P0AAAFAF
333711000001103,Phenoxymethylpenicillin 250mg/5ml oral solution,333711000001103,AMP,0501011P0AAAFAF
18719411000001108,Phenoxymethylpenicillin 250mg/5ml oral solution,18719411000001108,AMP,0501011P0AAAFAF
289911000001104,Phenoxymethylpenicillin 250mg/5ml oral solution,289911000001104,AMP,0501011P0AAAFAF
770211000001102,Phenoxymethylpenicillin 250mg/5ml oral solution,770211000001102,AMP,0501011P0AAAFAF
41953811000001101,Phenoxymethylpenicillin 250mg tablets,41953811000001101,VMP,0501011P0AAAJAJ
765311000001105,Phenoxymethylpenicillin 250mg tablets,765311000001105,AMP,0501011P0AAAJAJ
35211000001107,Phenoxymethylpenicillin 250mg tablets,35211000001107,AMP,0501011P0AAAJAJ
821311000001102,Phenoxymethylpenicillin 250mg tablets,821311000001102,AMP,0501011P0AAAJAJ
9803511000001108,Phenoxymethylpenicillin 250mg tablets,9803511000001108,AMP,0501011P0AAAJAJ
10430511000001103,Phenoxymethylpenicillin 250mg tablets,10430511000001103,AMP,0501011P0AAAJAJ
16063111000001105,Phenoxymethylpenicillin 250mg tablets,16063111000001105,AMP,0501011P0AAAJAJ
32489211000001105,Phenoxymethylpenicillin 250mg tablets,32489211000001105,AMP,0501011P0AAAJAJ
28985911000001106,Phenoxymethylpenicillin 250mg tablets,28985911000001106,AMP,0501011P0AAAJAJ
37773011000001102,Phenoxymethylpenicillin 250mg tablets,37773011000001102,AMP,0501011P0AAAJAJ
420411000001107,Phenoxymethylpenicillin 250mg tablets,420411000001107,AMP,0501011P0AAAJAJ
78111000001109,Phenoxymethylpenicillin 250mg tablets,78111000001109,AMP,0501011P0AAAJAJ
30856411000001107,Phenoxymethylpenicillin 250mg tablets,30856411000001107,AMP,0501011P0AAAJAJ
39176911000001106,Phenoxymethylpenicillin 250mg tablets,39176911000001106,AMP,0501011P0AAAJAJ
19730711000001101,Phenoxymethylpenicillin 250mg tablets,19730711000001101,AMP,0501011P0AAAJAJ
17954711000001107,Phenoxymethylpenicillin 250mg tablets,17954711000001107,AMP,0501011P0AAAJAJ
839711000001102,Phenoxymethylpenicillin 250mg tablets,839711000001102,AMP,0501011P0AAAJAJ
41341211000001106,Phenoxymethylpenicillin 250mg tablets,41341211000001106,AMP,0501011P0AAAJAJ
634711000001107,Phenoxymethylpenicillin 250mg tablets,634711000001107,AMP,0501011P0AAAJAJ
29983311000001107,Phenoxymethylpenicillin 250mg tablets,29983311000001107,AMP,0501011P0AAAJAJ
799511000001103,Phenoxymethylpenicillin 250mg tablets,799511000001103,AMP,0501011P0AAAJAJ
871611000001108,Phenoxymethylpenicillin 250mg tablets,871611000001108,AMP,0501011P0AAAJAJ
482711000001106,Phenoxymethylpenicillin 250mg tablets,482711000001106,AMP,0501011P0AAAJAJ
21844711000001100,Phenoxymethylpenicillin 250mg tablets,21844711000001100,AMP,0501011P0AAAJAJ
9215111000001107,Phenoxymethylpenicillin 125mg/5ml oral solution sugar free,9215111000001107,VMP,0501011P0AAARAR
9253911000001104,Phenoxymethylpenicillin 125mg/5ml oral solution sugar free,9253911000001104,AMP,0501011P0AAARAR
31058611000001104,Phenoxymethylpenicillin 125mg/5ml oral solution sugar free,31058611000001104,AMP,0501011P0AAARAR
16165811000001108,Phenoxymethylpenicillin 125mg/5ml oral solution sugar free,16165811000001108,AMP,0501011P0AAARAR
28097111000001105,Phenoxymethylpenicillin 125mg/5ml oral solution sugar free,28097111000001105,AMP,0501011P0AAARAR
10452611000001104,Phenoxymethylpenicillin 125mg/5ml oral solution sugar free,10452611000001104,AMP,0501011P0AAARAR
21038711000001108,Phenoxymethylpenicillin 125mg/5ml oral solution sugar free,21038711000001108,AMP,0501011P0AAARAR
32490911000001108,Phenoxymethylpenicillin 125mg/5ml oral solution sugar free,32490911000001108,AMP,0501011P0AAARAR
21863211000001102,Phenoxymethylpenicillin 125mg/5ml oral solution sugar free,21863211000001102,AMP,0501011P0AAARAR
37772411000001102,Phenoxymethylpenicillin 125mg/5ml oral solution sugar free,37772411000001102,AMP,0501011P0AAARAR
9209211000001101,Phenoxymethylpenicillin 125mg/5ml oral solution sugar free,9209211000001101,AMP,0501011P0AAARAR
39177411000001101,Phenoxymethylpenicillin 125mg/5ml oral solution sugar free,39177411000001101,AMP,0501011P0AAARAR
17954311000001108,Phenoxymethylpenicillin 125mg/5ml oral solution sugar free,17954311000001108,AMP,0501011P0AAARAR
9308011000001109,Phenoxymethylpenicillin 125mg/5ml oral solution sugar free,9308011000001109,AMP,0501011P0AAARAR
9842311000001100,Phenoxymethylpenicillin 125mg/5ml oral solution sugar free,9842311000001100,AMP,0501011P0AAARAR
21844311000001104,Phenoxymethylpenicillin 125mg/5ml oral solution sugar free,21844311000001104,AMP,0501011P0AAARAR
9215211000001101,Phenoxymethylpenicillin 250mg/5ml oral solution sugar free,9215211000001101,VMP,0501011P0AAASAS
9254111000001100,Phenoxymethylpenicillin 250mg/5ml oral solution sugar free,9254111000001100,AMP,0501011P0AAASAS
31058811000001100,Phenoxymethylpenicillin 250mg/5ml oral solution sugar free,31058811000001100,AMP,0501011P0AAASAS
16166011000001106,Phenoxymethylpenicillin 250mg/5ml oral solution sugar free,16166011000001106,AMP,0501011P0AAASAS
28097311000001107,Phenoxymethylpenicillin 250mg/5ml oral solution sugar free,28097311000001107,AMP,0501011P0AAASAS
10452811000001100,Phenoxymethylpenicillin 250mg/5ml oral solution sugar free,10452811000001100,AMP,0501011P0AAASAS
21038911000001105,Phenoxymethylpenicillin 250mg/5ml oral solution sugar free,21038911000001105,AMP,0501011P0AAASAS
32492211000001103,Phenoxymethylpenicillin 250mg/5ml oral solution sugar free,32492211000001103,AMP,0501011P0AAASAS
21834511000001106,Phenoxymethylpenicillin 250mg/5ml oral solution sugar free,21834511000001106,AMP,0501011P0AAASAS
37772811000001100,Phenoxymethylpenicillin 250mg/5ml oral solution sugar free,37772811000001100,AMP,0501011P0AAASAS
9209511000001103,Phenoxymethylpenicillin 250mg/5ml oral solution sugar free,9209511000001103,AMP,0501011P0AAASAS
30856211000001108,Phenoxymethylpenicillin 250mg/5ml oral solution sugar free,30856211000001108,AMP,0501011P0AAASAS
39177811000001104,Phenoxymethylpenicillin 250mg/5ml oral solution sugar free,39177811000001104,AMP,0501011P0AAASAS
17954511000001102,Phenoxymethylpenicillin 250mg/5ml oral solution sugar free,17954511000001102,AMP,0501011P0AAASAS
11533211000001107,Phenoxymethylpenicillin 250mg/5ml oral solution sugar free,11533211000001107,AMP,0501011P0AAASAS
9308211000001104,Phenoxymethylpenicillin 250mg/5ml oral solution sugar free,9308211000001104,AMP,0501011P0AAASAS
9842511000001106,Phenoxymethylpenicillin 250mg/5ml oral solution sugar free,9842511000001106,AMP,0501011P0AAASAS
21844511000001105,Phenoxymethylpenicillin 250mg/5ml oral solution sugar free,21844511000001105,AMP,0501011P0AAASAS
849911000001104,Tenkicin 250mg tablets,849911000001104,AMP,0501011P0BNADAJ
41946311000001103,Clarithromycin 250mg tablets,41946311000001103,VMP,0501050B0AAAAAA
8927511000001103,Clarithromycin 250mg tablets,8927511000001103,AMP,0501050B0AAAAAA
20165611000001102,Clarithromycin 250mg tablets,20165611000001102,AMP,0501050B0AAAAAA
14694011000001106,Clarithromycin 250mg tablets,14694011000001106,AMP,0501050B0AAAAAA
9033411000001103,Clarithromycin 250mg tablets,9033411000001103,AMP,0501050B0AAAAAA
17965211000001106,Clarithromycin 250mg tablets,17965211000001106,AMP,0501050B0AAAAAA
13765011000001103,Clarithromycin 250mg tablets,13765011000001103,AMP,0501050B0AAAAAA
42203711000001100,Clarithromycin 250mg tablets,42203711000001100,AMP,0501050B0AAAAAA
19715011000001104,Clarithromycin 250mg tablets,19715011000001104,AMP,0501050B0AAAAAA
37402011000001108,Clarithromycin 250mg tablets,37402011000001108,AMP,0501050B0AAAAAA
8825911000001106,Clarithromycin 250mg tablets,8825911000001106,AMP,0501050B0AAAAAA
38836811000001108,Clarithromycin 250mg tablets,38836811000001108,AMP,0501050B0AAAAAA
35140911000001102,Clarithromycin 250mg tablets,35140911000001102,AMP,0501050B0AAAAAA
17859611000001109,Clarithromycin 250mg tablets,17859611000001109,AMP,0501050B0AAAAAA
8993611000001100,Clarithromycin 250mg tablets,8993611000001100,AMP,0501050B0AAAAAA
15080711000001102,Clarithromycin 250mg tablets,15080711000001102,AMP,0501050B0AAAAAA
17522411000001102,Clarithromycin 250mg tablets,17522411000001102,AMP,0501050B0AAAAAA
9038211000001105,Clarithromycin 250mg tablets,9038211000001105,AMP,0501050B0AAAAAA
8818911000001106,Clarithromycin 250mg tablets,8818911000001106,AMP,0501050B0AAAAAA
13745611000001101,Clarithromycin 250mg tablets,13745611000001101,AMP,0501050B0AAAAAA
36846911000001107,Clarithromycin 250mg tablets,36846911000001107,AMP,0501050B0AAAAAA
8914911000001107,Clarithromycin 250mg tablets,8914911000001107,AMP,0501050B0AAAAAA
21854711000001102,Clarithromycin 250mg tablets,21854711000001102,AMP,0501050B0AAAAAA
20096711000001105,Clarithromycin 250mg tablets,20096711000001105,AMP,0501050B0AAAAAA
35368711000001104,Clarithromycin 125mg/5ml oral suspension,35368711000001104,VMP,0501050B0AAABAB
9252611000001100,Clarithromycin 125mg/5ml oral suspension,9252611000001100,AMP,0501050B0AAABAB
36621611000001102,Clarithromycin 125mg/5ml oral suspension,36621611000001102,AMP,0501050B0AAABAB
9157411000001102,Clarithromycin 125mg/5ml oral suspension,9157411000001102,AMP,0501050B0AAABAB
30761711000001102,Clarithromycin 125mg/5ml oral suspension,30761711000001102,AMP,0501050B0AAABAB
30031911000001106,Clarithromycin 125mg/5ml oral suspension,30031911000001106,AMP,0501050B0AAABAB
9155811000001105,Clarithromycin 125mg/5ml oral suspension,9155811000001105,AMP,0501050B0AAABAB
38840411000001105,Clarithromycin 125mg/5ml oral suspension,38840411000001105,AMP,0501050B0AAABAB
18101811000001104,Clarithromycin 125mg/5ml oral suspension,18101811000001104,AMP,0501050B0AAABAB
9042011000001104,Clarithromycin 125mg/5ml oral suspension,9042011000001104,AMP,0501050B0AAABAB
9547411000001109,Clarithromycin 125mg/5ml oral suspension,9547411000001109,AMP,0501050B0AAABAB
15080411000001108,Clarithromycin 125mg/5ml oral suspension,15080411000001108,AMP,0501050B0AAABAB
21854311000001101,Clarithromycin 125mg/5ml oral suspension,21854311000001101,AMP,0501050B0AAABAB
41946511000001109,Clarithromycin 500mg tablets,41946511000001109,VMP,0501050B0AAADAD
8928611000001100,Clarithromycin 500mg tablets,8928611000001100,AMP,0501050B0AAADAD
20165811000001103,Clarithromycin 500mg tablets,20165811000001103,AMP,0501050B0AAADAD
14694411000001102,Clarithromycin 500mg tablets,14694411000001102,AMP,0501050B0AAADAD
9033811000001101,Clarithromycin 500mg tablets,9033811000001101,AMP,0501050B0AAADAD
17965511000001109,Clarithromycin 500mg tablets,17965511000001109,AMP,0501050B0AAADAD
13765211000001108,Clarithromycin 500mg tablets,13765211000001108,AMP,0501050B0AAADAD
42205211000001106,Clarithromycin 500mg tablets,42205211000001106,AMP,0501050B0AAADAD
19715211000001109,Clarithromycin 500mg tablets,19715211000001109,AMP,0501050B0AAADAD
37402811000001102,Clarithromycin 500mg tablets,37402811000001102,AMP,0501050B0AAADAD
8826111000001102,Clarithromycin 500mg tablets,8826111000001102,AMP,0501050B0AAADAD
38837011000001104,Clarithromycin 500mg tablets,38837011000001104,AMP,0501050B0AAADAD
35141111000001106,Clarithromycin 500mg tablets,35141111000001106,AMP,0501050B0AAADAD
17859811000001108,Clarithromycin 500mg tablets,17859811000001108,AMP,0501050B0AAADAD
8993811000001101,Clarithromycin 500mg tablets,8993811000001101,AMP,0501050B0AAADAD
29789111000001103,Clarithromycin 500mg tablets,29789111000001103,AMP,0501050B0AAADAD
17522611000001104,Clarithromycin 500mg tablets,17522611000001104,AMP,0501050B0AAADAD
9038811000001106,Clarithromycin 500mg tablets,9038811000001106,AMP,0501050B0AAADAD
8819111000001101,Clarithromycin 500mg tablets,8819111000001101,AMP,0501050B0AAADAD
13745811000001102,Clarithromycin 500mg tablets,13745811000001102,AMP,0501050B0AAADAD
36847211000001101,Clarithromycin 500mg tablets,36847211000001101,AMP,0501050B0AAADAD
8915511000001104,Clarithromycin 500mg tablets,8915511000001104,AMP,0501050B0AAADAD
21854911000001100,Clarithromycin 500mg tablets,21854911000001100,AMP,0501050B0AAADAD
20097311000001109,Clarithromycin 500mg tablets,20097311000001109,AMP,0501050B0AAADAD
37083211000001101,Clarithromycin 250mg/5ml oral suspension,37083211000001101,VMP,0501050B0AAAHAH
9253011000001103,Clarithromycin 250mg/5ml oral suspension,9253011000001103,AMP,0501050B0AAAHAH
36621811000001103,Clarithromycin 250mg/5ml oral suspension,36621811000001103,AMP,0501050B0AAAHAH
9157711000001108,Clarithromycin 250mg/5ml oral suspension,9157711000001108,AMP,0501050B0AAAHAH
30761911000001100,Clarithromycin 250mg/5ml oral suspension,30761911000001100,AMP,0501050B0AAAHAH
30041111000001109,Clarithromycin 250mg/5ml oral suspension,30041111000001109,AMP,0501050B0AAAHAH
9156111000001109,Clarithromycin 250mg/5ml oral suspension,9156111000001109,AMP,0501050B0AAAHAH
38840711000001104,Clarithromycin 250mg/5ml oral suspension,38840711000001104,AMP,0501050B0AAAHAH
18103211000001101,Clarithromycin 250mg/5ml oral suspension,18103211000001101,AMP,0501050B0AAAHAH
9042311000001101,Clarithromycin 250mg/5ml oral suspension,9042311000001101,AMP,0501050B0AAAHAH
9547911000001101,Clarithromycin 250mg/5ml oral suspension,9547911000001101,AMP,0501050B0AAAHAH
15080911000001100,Clarithromycin 250mg/5ml oral suspension,15080911000001100,AMP,0501050B0AAAHAH
21854511000001107,Clarithromycin 250mg/5ml oral suspension,21854511000001107,AMP,0501050B0AAAHAH
220811000001105,Klaricid 250mg tablets,220811000001105,AMP,0501050B0BBAAAA
917411000001101,Klaricid Paediatric 125mg/5ml oral suspension,917411000001101,AMP,0501050B0BBABAB
463111000001102,Klaricid 500 tablets,463111000001102,AMP,0501050B0BBADAD
211000001101,Klaricid Paediatric 250mg/5ml oral suspension,211000001101,AMP,0501050B0BBAHAH
41948811000001108,Erythromycin 250mg gastro-resistant tablets,41948811000001108,VMP,0501050C0AAABAB
766711000001101,Erythromycin 250mg gastro-resistant tablets,766711000001101,AMP,0501050C0AAABAB
89511000001103,Erythromycin 250mg gastro-resistant tablets,89511000001103,AMP,0501050C0AAABAB
689511000001108,Erythromycin 250mg gastro-resistant tablets,689511000001108,AMP,0501050C0AAABAB
789411000001103,Erythromycin 250mg gastro-resistant tablets,789411000001103,AMP,0501050C0AAABAB
9795911000001100,Erythromycin 250mg gastro-resistant tablets,9795911000001100,AMP,0501050C0AAABAB
10406411000001108,Erythromycin 250mg gastro-resistant tablets,10406411000001108,AMP,0501050C0AAABAB
24389111000001103,Erythromycin 250mg gastro-resistant tablets,24389111000001103,AMP,0501050C0AAABAB
42204811000001106,Erythromycin 250mg gastro-resistant tablets,42204811000001106,AMP,0501050C0AAABAB
23903911000001107,Erythromycin 250mg gastro-resistant tablets,23903911000001107,AMP,0501050C0AAABAB
11020911000001106,Erythromycin 250mg gastro-resistant tablets,11020911000001106,AMP,0501050C0AAABAB
35996611000001100,Erythromycin 250mg gastro-resistant tablets,35996611000001100,AMP,0501050C0AAABAB
32800711000001104,Erythromycin 250mg gastro-resistant tablets,32800711000001104,AMP,0501050C0AAABAB
654811000001103,Erythromycin 250mg gastro-resistant tablets,654811000001103,AMP,0501050C0AAABAB
687011000001109,Erythromycin 250mg gastro-resistant tablets,687011000001109,AMP,0501050C0AAABAB
30825911000001105,Erythromycin 250mg gastro-resistant tablets,30825911000001105,AMP,0501050C0AAABAB
38889811000001108,Erythromycin 250mg gastro-resistant tablets,38889811000001108,AMP,0501050C0AAABAB
19733011000001108,Erythromycin 250mg gastro-resistant tablets,19733011000001108,AMP,0501050C0AAABAB
19191611000001104,Erythromycin 250mg gastro-resistant tablets,19191611000001104,AMP,0501050C0AAABAB
40635711000001102,Erythromycin 250mg gastro-resistant tablets,40635711000001102,AMP,0501050C0AAABAB
38073211000001103,Erythromycin 250mg gastro-resistant tablets,38073211000001103,AMP,0501050C0AAABAB
17903711000001101,Erythromycin 250mg gastro-resistant tablets,17903711000001101,AMP,0501050C0AAABAB
7211000001107,Erythromycin 250mg gastro-resistant tablets,7211000001107,AMP,0501050C0AAABAB
4330011000001104,Erythromycin 250mg gastro-resistant tablets,4330011000001104,AMP,0501050C0AAABAB
29856311000001102,Erythromycin 250mg gastro-resistant tablets,29856311000001102,AMP,0501050C0AAABAB
17198711000001106,Erythromycin 250mg gastro-resistant tablets,17198711000001106,AMP,0501050C0AAABAB
18281911000001106,Erythromycin 250mg gastro-resistant tablets,18281911000001106,AMP,0501050C0AAABAB
919211000001106,Erythromycin 250mg gastro-resistant tablets,919211000001106,AMP,0501050C0AAABAB
126311000001101,Erythromycin 250mg gastro-resistant tablets,126311000001101,AMP,0501050C0AAABAB
21976211000001109,Erythromycin 250mg gastro-resistant tablets,21976211000001109,AMP,0501050C0AAABAB
235411000001103,Rommix 250 EC tablets,235411000001103,AMP,0501050C0BIAAAB
41948911000001103,Erythromycin ethyl succinate 125mg/5ml oral suspension,41948911000001103,VMP,0501050H0AAAAAA
682211000001102,Erythromycin ethyl succinate 125mg/5ml oral suspension,682211000001102,AMP,0501050H0AAAAAA
838411000001100,Erythromycin ethyl succinate 125mg/5ml oral suspension,838411000001100,AMP,0501050H0AAAAAA
468911000001109,Erythromycin ethyl succinate 125mg/5ml oral suspension,468911000001109,AMP,0501050H0AAAAAA
23902711000001102,Erythromycin ethyl succinate 125mg/5ml oral suspension,23902711000001102,AMP,0501050H0AAAAAA
10307311000001109,Erythromycin ethyl succinate 125mg/5ml oral suspension,10307311000001109,AMP,0501050H0AAAAAA
469911000001101,Erythromycin ethyl succinate 125mg/5ml oral suspension,469911000001101,AMP,0501050H0AAAAAA
38889611000001109,Erythromycin ethyl succinate 125mg/5ml oral suspension,38889611000001109,AMP,0501050H0AAAAAA
17902311000001105,Erythromycin ethyl succinate 125mg/5ml oral suspension,17902311000001105,AMP,0501050H0AAAAAA
13620311000001107,Erythromycin ethyl succinate 125mg/5ml oral suspension,13620311000001107,AMP,0501050H0AAAAAA
231611000001103,Erythromycin ethyl succinate 125mg/5ml oral suspension,231611000001103,AMP,0501050H0AAAAAA
29852211000001109,Erythromycin ethyl succinate 125mg/5ml oral suspension,29852211000001109,AMP,0501050H0AAAAAA
21935211000001101,Erythromycin ethyl succinate 125mg/5ml oral suspension,21935211000001101,AMP,0501050H0AAAAAA
41949011000001107,Erythromycin ethyl succinate 250mg/5ml oral suspension,41949011000001107,VMP,0501050H0AAABAB
563411000001101,Erythromycin ethyl succinate 250mg/5ml oral suspension,563411000001101,AMP,0501050H0AAABAB
398811000001108,Erythromycin ethyl succinate 250mg/5ml oral suspension,398811000001108,AMP,0501050H0AAABAB
816211000001107,Erythromycin ethyl succinate 250mg/5ml oral suspension,816211000001107,AMP,0501050H0AAABAB
23902911000001100,Erythromycin ethyl succinate 250mg/5ml oral suspension,23902911000001100,AMP,0501050H0AAABAB
10307711000001108,Erythromycin ethyl succinate 250mg/5ml oral suspension,10307711000001108,AMP,0501050H0AAABAB
79111000001102,Erythromycin ethyl succinate 250mg/5ml oral suspension,79111000001102,AMP,0501050H0AAABAB
38890011000001106,Erythromycin ethyl succinate 250mg/5ml oral suspension,38890011000001106,AMP,0501050H0AAABAB
17902811000001101,Erythromycin ethyl succinate 250mg/5ml oral suspension,17902811000001101,AMP,0501050H0AAABAB
13620511000001101,Erythromycin ethyl succinate 250mg/5ml oral suspension,13620511000001101,AMP,0501050H0AAABAB
103911000001104,Erythromycin ethyl succinate 250mg/5ml oral suspension,103911000001104,AMP,0501050H0AAABAB
29856111000001104,Erythromycin ethyl succinate 250mg/5ml oral suspension,29856111000001104,AMP,0501050H0AAABAB
21975211000001103,Erythromycin ethyl succinate 250mg/5ml oral suspension,21975211000001103,AMP,0501050H0AAABAB
41949211000001102,Erythromycin ethyl succinate 500mg/5ml oral suspension,41949211000001102,VMP,0501050H0AAACAC
348611000001104,Erythromycin ethyl succinate 500mg/5ml oral suspension,348611000001104,AMP,0501050H0AAACAC
889511000001102,Erythromycin ethyl succinate 500mg/5ml oral suspension,889511000001102,AMP,0501050H0AAACAC
845911000001101,Erythromycin ethyl succinate 500mg/5ml oral suspension,845911000001101,AMP,0501050H0AAACAC
23903111000001109,Erythromycin ethyl succinate 500mg/5ml oral suspension,23903111000001109,AMP,0501050H0AAACAC
10308311000001105,Erythromycin ethyl succinate 500mg/5ml oral suspension,10308311000001105,AMP,0501050H0AAACAC
237511000001108,Erythromycin ethyl succinate 500mg/5ml oral suspension,237511000001108,AMP,0501050H0AAACAC
17903311000001100,Erythromycin ethyl succinate 500mg/5ml oral suspension,17903311000001100,AMP,0501050H0AAACAC
13620711000001106,Erythromycin ethyl succinate 500mg/5ml oral suspension,13620711000001106,AMP,0501050H0AAACAC
605811000001107,Erythromycin ethyl succinate 500mg/5ml oral suspension,605811000001107,AMP,0501050H0AAACAC
29856611000001107,Erythromycin ethyl succinate 500mg/5ml oral suspension,29856611000001107,AMP,0501050H0AAACAC
21975411000001104,Erythromycin ethyl succinate 500mg/5ml oral suspension,21975411000001104,AMP,0501050H0AAACAC
41949111000001108,Erythromycin ethyl succinate 500mg tablets,41949111000001108,VMP,0501050H0AAAEAE
32506411000001108,Erythromycin ethyl succinate 500mg tablets,32506411000001108,AMP,0501050H0AAAEAE
37376611000001104,Erythromycin ethyl succinate 500mg tablets,37376611000001104,AMP,0501050H0AAAEAE
32163811000001106,Erythromycin ethyl succinate 500mg tablets,32163811000001106,AMP,0501050H0AAAEAE
37149211000001103,Erythromycin ethyl succinate 500mg tablets,37149211000001103,AMP,0501050H0AAAEAE
36564711000001108,Erythromycin ethyl succinate 125mg/5ml oral suspension sugar free,36564711000001108,VMP,0501050H0AAALAL
481911000001102,Erythromycin ethyl succinate 125mg/5ml oral suspension sugar free,481911000001102,AMP,0501050H0AAALAL
10060511000001100,Erythromycin ethyl succinate 125mg/5ml oral suspension sugar free,10060511000001100,AMP,0501050H0AAALAL
580111000001102,Erythromycin ethyl succinate 125mg/5ml oral suspension sugar free,580111000001102,AMP,0501050H0AAALAL
23903311000001106,Erythromycin ethyl succinate 125mg/5ml oral suspension sugar free,23903311000001106,AMP,0501050H0AAALAL
10307511000001103,Erythromycin ethyl succinate 125mg/5ml oral suspension sugar free,10307511000001103,AMP,0501050H0AAALAL
2411000001108,Erythromycin ethyl succinate 125mg/5ml oral suspension sugar free,2411000001108,AMP,0501050H0AAALAL
840611000001104,Erythromycin ethyl succinate 125mg/5ml oral suspension sugar free,840611000001104,AMP,0501050H0AAALAL
30125811000001107,Erythromycin ethyl succinate 125mg/5ml oral suspension sugar free,30125811000001107,AMP,0501050H0AAALAL
38890211000001101,Erythromycin ethyl succinate 125mg/5ml oral suspension sugar free,38890211000001101,AMP,0501050H0AAALAL
17902611000001100,Erythromycin ethyl succinate 125mg/5ml oral suspension sugar free,17902611000001100,AMP,0501050H0AAALAL
13620911000001108,Erythromycin ethyl succinate 125mg/5ml oral suspension sugar free,13620911000001108,AMP,0501050H0AAALAL
29851811000001101,Erythromycin ethyl succinate 125mg/5ml oral suspension sugar free,29851811000001101,AMP,0501050H0AAALAL
173511000001103,Erythromycin ethyl succinate 125mg/5ml oral suspension sugar free,173511000001103,AMP,0501050H0AAALAL
549711000001102,Erythromycin ethyl succinate 125mg/5ml oral suspension sugar free,549711000001102,AMP,0501050H0AAALAL
21975611000001101,Erythromycin ethyl succinate 125mg/5ml oral suspension sugar free,21975611000001101,AMP,0501050H0AAALAL
39107311000001103,Erythromycin ethyl succinate 250mg/5ml oral suspension sugar free,39107311000001103,VMP,0501050H0AAAMAM
177211000001105,Erythromycin ethyl succinate 250mg/5ml oral suspension sugar free,177211000001105,AMP,0501050H0AAAMAM
10060711000001105,Erythromycin ethyl succinate 250mg/5ml oral suspension sugar free,10060711000001105,AMP,0501050H0AAAMAM
364011000001109,Erythromycin ethyl succinate 250mg/5ml oral suspension sugar free,364011000001109,AMP,0501050H0AAAMAM
23903511000001100,Erythromycin ethyl succinate 250mg/5ml oral suspension sugar free,23903511000001100,AMP,0501050H0AAAMAM
10308011000001107,Erythromycin ethyl succinate 250mg/5ml oral suspension sugar free,10308011000001107,AMP,0501050H0AAAMAM
273611000001101,Erythromycin ethyl succinate 250mg/5ml oral suspension sugar free,273611000001101,AMP,0501050H0AAAMAM
506011000001101,Erythromycin ethyl succinate 250mg/5ml oral suspension sugar free,506011000001101,AMP,0501050H0AAAMAM
30810111000001105,Erythromycin ethyl succinate 250mg/5ml oral suspension sugar free,30810111000001105,AMP,0501050H0AAAMAM
38890411000001102,Erythromycin ethyl succinate 250mg/5ml oral suspension sugar free,38890411000001102,AMP,0501050H0AAAMAM
17903011000001103,Erythromycin ethyl succinate 250mg/5ml oral suspension sugar free,17903011000001103,AMP,0501050H0AAAMAM
13621111000001104,Erythromycin ethyl succinate 250mg/5ml oral suspension sugar free,13621111000001104,AMP,0501050H0AAAMAM
29852611000001106,Erythromycin ethyl succinate 250mg/5ml oral suspension sugar free,29852611000001106,AMP,0501050H0AAAMAM
592611000001105,Erythromycin ethyl succinate 250mg/5ml oral suspension sugar free,592611000001105,AMP,0501050H0AAAMAM
784711000001108,Erythromycin ethyl succinate 250mg/5ml oral suspension sugar free,784711000001108,AMP,0501050H0AAAMAM
21975811000001102,Erythromycin ethyl succinate 250mg/5ml oral suspension sugar free,21975811000001102,AMP,0501050H0AAAMAM
39107211000001106,Erythromycin ethyl succinate 500mg/5ml oral suspension sugar free,39107211000001106,VMP,0501050H0AAANAN
433911000001109,Erythromycin ethyl succinate 500mg/5ml oral suspension sugar free,433911000001109,AMP,0501050H0AAANAN
10060911000001107,Erythromycin ethyl succinate 500mg/5ml oral suspension sugar free,10060911000001107,AMP,0501050H0AAANAN
626611000001105,Erythromycin ethyl succinate 500mg/5ml oral suspension sugar free,626611000001105,AMP,0501050H0AAANAN
23903711000001105,Erythromycin ethyl succinate 500mg/5ml oral suspension sugar free,23903711000001105,AMP,0501050H0AAANAN
10308511000001104,Erythromycin ethyl succinate 500mg/5ml oral suspension sugar free,10308511000001104,AMP,0501050H0AAANAN
364211000001104,Erythromycin ethyl succinate 500mg/5ml oral suspension sugar free,364211000001104,AMP,0501050H0AAANAN
78611000001101,Erythromycin ethyl succinate 500mg/5ml oral suspension sugar free,78611000001101,AMP,0501050H0AAANAN
17903511000001106,Erythromycin ethyl succinate 500mg/5ml oral suspension sugar free,17903511000001106,AMP,0501050H0AAANAN
13621311000001102,Erythromycin ethyl succinate 500mg/5ml oral suspension sugar free,13621311000001102,AMP,0501050H0AAANAN
848711000001105,Erythromycin ethyl succinate 500mg/5ml oral suspension sugar free,848711000001105,AMP,0501050H0AAANAN
415511000001109,Erythromycin ethyl succinate 500mg/5ml oral suspension sugar free,415511000001109,AMP,0501050H0AAANAN
21976011000001104,Erythromycin ethyl succinate 500mg/5ml oral suspension sugar free,21976011000001104,AMP,0501050H0AAANAN
580811000001109,Erythroped A 500mg tablets,580811000001109,AMP,0501050H0BDAIAE
108811000001104,Erythroped SF 250mg/5ml oral suspension,108811000001104,AMP,0501050H0BDAMAM
294211000001105,Erythroped PI SF 125mg/5ml oral suspension,294211000001105,AMP,0501050H0BDANAL
178911000001100,Erythroped Forte SF 500mg/5ml oral suspension,178911000001100,AMP,0501050H0BDAPAN
41949311000001105,Erythromycin stearate 250mg tablets,41949311000001105,VMP,0501050N0AAAAAA
38215511000001102,Erythromycin stearate 250mg tablets,38215511000001102,AMP,0501050N0AAAAAA
40924711000001104,Erythromycin stearate 250mg tablets,40924711000001104,AMP,0501050N0AAAAAA
37911311000001102,Erythromycin stearate 250mg tablets,37911311000001102,AMP,0501050N0AAAAAA
41949411000001103,Erythromycin stearate 500mg tablets,41949411000001103,VMP,0501050N0AAABAB
38215811000001104,Erythromycin stearate 500mg tablets,38215811000001104,AMP,0501050N0AAABAB
40926011000001106,Erythromycin stearate 500mg tablets,40926011000001106,AMP,0501050N0AAABAB
37911611000001107,Erythromycin stearate 500mg tablets,37911611000001107,AMP,0501050N0AAABAB
274611000001103,Erythrocin 250 tablets,274611000001103,AMP,0501050N0BBAAAA
30611000001101,Erythrocin 500 tablets,30611000001101,AMP,0501050N0BBABAB
17628011000001101,Erythrolar 250mg tablets,17628011000001101,AMP,0501050N0BCAAAA
17627611000001109,Erythrolar 500mg tablets,17627611000001109,AMP,0501050N0BCABAB
323416001,VMP previous to 41953811000001101,323416001,VMP,0501011P0AAAJAJ
323418000,VMP previous to 41953711000001109,323418000,VMP,0501011P0AAADAD
323420002,VMP previous to 41953911000001106,323420002,VMP,0501011P0AAAFAF
324178009,VMP previous to 41948811000001108,324178009,VMP,0501050C0AAABAB
324179001,VMP previous to 41949111000001108,324179001,VMP,0501050H0AAAEAE
324180003,VMP previous to 41949311000001105,324180003,VMP,0501050N0AAAAAA
324181004,VMP previous to 41949411000001103,324181004,VMP,0501050N0AAABAB
324191005,VMP previous to 36564711000001108,324191005,VMP,0501050H0AAALAL
324192003,VMP previous to 39107311000001103,324192003,VMP,0501050H0AAAMAM
324203007,VMP previous to 39107211000001106,324203007,VMP,0501050H0AAANAN
324232005,VMP previous to 41948911000001103,324232005,VMP,0501050H0AAAAAA
324233000,VMP previous to 41949011000001107,324233000,VMP,0501050H0AAABAB
324234006,VMP previous to 41949211000001102,324234006,VMP,0501050H0AAACAC
324238009,VMP previous to 41946311000001103,324238009,VMP,0501050B0AAAAAA
324240004,VMP previous to 35368711000001104,324240004,VMP,0501050B0AAABAB
324244008,VMP previous to 41946511000001109,324244008,VMP,0501050B0AAADAD
324250003,VMP previous to 37083211000001101,324250003,VMP,0501050B0AAAHAH
